<x:xmpmeta xmlns:x="adobe:ns:meta/">
   <rdf:RDF xmlns:rdf="http://www.w3.org/1999/02/22-rdf-syntax-ns#" xmlns:xmp="http://ns.adobe.com/xap/1.0/" xmlns:xmpDM="http://ns.adobe.com/xmp/1.0/DynamicMedia/" xmlns:xmpG="http://ns.adobe.com/xap/1.0/g/" xmlns:tsc="http://www.techsmith.com/xmp/tsc/" xmlns:xmpMM="http://ns.adobe.com/xap/1.0/mm/" xmlns:tscDM="http://www.techsmith.com/xmp/tscDM/" xmlns:tscIQ="http://www.techsmith.com/xmp/tscIQ/" xmlns:tscHS="http://www.techsmith.com/xmp/tscHS/" xmlns:stDim="http://ns.adobe.com/xap/1.0/sType/Dimensions#" xmlns:stFnt="http://ns.adobe.com/xap/1.0/sType/Font#" xmlns:exif="http://ns.adobe.com/exif/1.0" xmlns:dc="http://purl.org/dc/elements/1.1/">
      <rdf:Description tsc:version="2.0.1" dc:date="2014-12-06 01:06:16 PM" dc:source="Camtasia Studio,8.4.4,enu" dc:title="Beatles1Intro Camtasia Build" tscDM:firstFrame="Beatles1Intro_Camtasia_Build_First_Frame.png" tscDM:originId="963B00B9-0954-4A56-97F0-B35017682244" tscDM:project="Beatles1Intro Camtasia Build">
         <xmpDM:duration xmpDM:scale="1/1000" xmpDM:value="285200"/>
         <xmpDM:videoFrameSize stDim:unit="pixel" stDim:h="720" stDim:w="1280"/>
         <tsc:langName>
            <rdf:Bag>
               <rdf:li xml:lang="en-US">English</rdf:li></rdf:Bag>
         </tsc:langName>
         <xmpDM:Tracks>
            <rdf:Bag>
               <rdf:li>
                  <rdf:Description xmpDM:trackType="Quiz" xmpDM:frameRate="f1000" xmpDM:trackName="Quiz" tscIQ:quizGuid="D133CF30-E537-46BE-A393-2BAC1E8C9273" tscIQ:authoredEmail="YnJhdW5hY0BkdWtlcy5qbXUuZWR1" tscIQ:requireUserId="0" tscIQ:locale="en-US" tscIQ:reportMethod="API" tscIQ:clientId="1CDF22D874AC443FBBB68075B4AE31CD" tscIQ:hideReplay="0" tscIQ:quizHash="8f2db8d059c756b183b8b0144a64a1c0">
                     <xmpDM:markers>
                        <rdf:Seq>
                           <rdf:li><rdf:Description xmpDM:startTime="285200" tscIQ:feedback="1" tscIQ:questionSetName="The Beatles: Pop Quiz"><tscIQ:questions><rdf:Seq><rdf:li><rdf:Description tscIQ:type="MC" tscIQ:id="0"><tscIQ:question>Ringo Starr was the only member who played which instrument?</tscIQ:question><tscIQ:correctAnswer>2</tscIQ:correctAnswer><tscIQ:answerArray><rdf:Seq><rdf:li><rdf:Description tscIQ:orderId="0"><tscIQ:answer>Piano</tscIQ:answer></rdf:Description></rdf:li><rdf:li><rdf:Description tscIQ:orderId="1"><tscIQ:answer>Drums</tscIQ:answer></rdf:Description></rdf:li><rdf:li><rdf:Description tscIQ:orderId="2"><tscIQ:answer>Guitar</tscIQ:answer></rdf:Description></rdf:li></rdf:Seq></tscIQ:answerArray></rdf:Description></rdf:li><rdf:li><rdf:Description tscIQ:type="FITB" tscIQ:id="1"><tscIQ:question>The name of "the Fifth Beatle" is:</tscIQ:question><tscIQ:correctAnswer/><tscIQ:answerArray><rdf:Seq><rdf:li><rdf:Description tscIQ:orderId="0"><tscIQ:answer>George Martin</tscIQ:answer></rdf:Description></rdf:li><rdf:li><rdf:Description tscIQ:orderId="1"><tscIQ:answer>george martin</tscIQ:answer></rdf:Description></rdf:li></rdf:Seq></tscIQ:answerArray></rdf:Description></rdf:li><rdf:li><rdf:Description tscIQ:type="SHORT" tscIQ:id="2"><tscIQ:question>Briefly describe the Beatles' early career.</tscIQ:question><tscIQ:correctAnswer/><tscIQ:answerArray/></rdf:Description></rdf:li><rdf:li><rdf:Description tscIQ:type="MC" tscIQ:id="3"><tscIQ:question>The first single recorded by the band was a cover of a Buddy Hollly song.</tscIQ:question><tscIQ:correctAnswer>1</tscIQ:correctAnswer><tscIQ:answerArray><rdf:Seq><rdf:li><rdf:Description tscIQ:orderId="0"><tscIQ:answer>True</tscIQ:answer></rdf:Description></rdf:li><rdf:li><rdf:Description tscIQ:orderId="1"><tscIQ:answer>False</tscIQ:answer></rdf:Description></rdf:li></rdf:Seq></tscIQ:answerArray></rdf:Description></rdf:li></rdf:Seq></tscIQ:questions></rdf:Description></rdf:li></rdf:Seq>
                     </xmpDM:markers>
                     <tscIQ:QuizParams><rdf:Bag><rdf:li xmpDM:name="txtPrev" xmpDM:value="Previous"/><rdf:li xmpDM:name="txtNext" xmpDM:value="Next"/><rdf:li xmpDM:name="txtAnswerQuestion" xmpDM:value="Take Quiz Now"/><rdf:li xmpDM:name="txtSubmit" xmpDM:value="Submit Answers"/><rdf:li xmpDM:name="txtReview" xmpDM:value="Replay Last Section"/><rdf:li xmpDM:name="txtReviewAnswer" xmpDM:value="View Answers"/><rdf:li xmpDM:name="txtContinue" xmpDM:value="Continue"/></rdf:Bag></tscIQ:QuizParams></rdf:Description>
               </rdf:li>
            </rdf:Bag>
         </xmpDM:Tracks>
         <tscDM:controller>
            <rdf:Description xmpDM:name="tscplayer">
               <tscDM:parameters>
                  <rdf:Bag>
                     <rdf:li xmpDM:name="autohide" xmpDM:value="true"/><rdf:li xmpDM:name="autoplay" xmpDM:value="false"/><rdf:li xmpDM:name="loop" xmpDM:value="false"/><rdf:li xmpDM:name="searchable" xmpDM:value="true"/><rdf:li xmpDM:name="captionsenabled" xmpDM:value="false"/><rdf:li xmpDM:name="sidebarenabled" xmpDM:value="false"/><rdf:li xmpDM:name="unicodeenabled" xmpDM:value="false"/><rdf:li xmpDM:name="backgroundcolor" xmpDM:value="000000"/><rdf:li xmpDM:name="sidebarlocation" xmpDM:value="left"/><rdf:li xmpDM:name="endaction" xmpDM:value="stop"/><rdf:li xmpDM:name="endactionparam" xmpDM:value="true"/><rdf:li xmpDM:name="locale" xmpDM:value="en-US"/></rdf:Bag>
               </tscDM:parameters>
               <tscDM:controllerText>
                  <rdf:Bag>
                  </rdf:Bag>
               </tscDM:controllerText>
            </rdf:Description>
         </tscDM:controller>
         <tscDM:contentList>
            <rdf:Description>
               <tscDM:files>
                  <rdf:Seq>
                     <rdf:li xmpDM:name="0" xmpDM:value="Beatles1Intro Camtasia Build.mp4"/><rdf:li xmpDM:name="1" xmpDM:value="Beatles1Intro_Camtasia_Build_First_Frame.png"/><rdf:li xmpDM:name="2" xmpDM:value="Beatles1Intro_Camtasia_Build_Thumbnails.png"/></rdf:Seq>
               </tscDM:files>
            </rdf:Description>
         </tscDM:contentList>
      </rdf:Description>
   </rdf:RDF>
</x:xmpmeta>